Topic,Subtopic,Keyword,Traffic,Volume,KD,Keyword Intents,Position,Position Type,URL
Local Medicinal Cannabis Access,dispnsary near me,dispnsary near me,25,590,28,transactional,2,Organic,https://herbly.com.au/pages/coffs-harbour-dispensary
Local Medicinal Cannabis Access,dispnsary near me,dispensary near ne,25,590,33,transactional,2,Organic,https://herbly.com.au/pages/coffs-harbour-dispensary
Local Medicinal Cannabis Access,dispnsary near me,cannabisstores,17,720,55,commercial,4,Organic,https://herbly.com.au/pages/coffs-harbour-dispensary
Local Medicinal Cannabis Access,dispnsary near me,medical cannabinoids dispensary near me,13,210,44,transactional,3,Organic,https://herbly.com.au/pages/coffs-harbour-dispensary
Local Medicinal Cannabis Access,dispnsary near me,medical cannabis dispensary near me,11,260,46,transactional,2,Organic,https://herbly.com.au/pages/coffs-harbour-dispensary
Local Medicinal Cannabis Access,dispnsary near me,dispo near me,9,210,32,transactional,2,Organic,https://herbly.com.au/pages/coffs-harbour-dispensary
Local Medicinal Cannabis Access,dispnsary near me,medical dispensary near me,9,110,45,transactional,2,Organic,https://herbly.com.au/pages/coffs-harbour-dispensary
Local Medicinal Cannabis Access,dispnsary near me,cannabinoids dispensary near me,7,390,53,transactional,9,Organic,https://herbly.com.au/pages/coffs-harbour-dispensary
Local Medicinal Cannabis Access,dispnsary near me,weed stores closest to me,7,90,40,informational,2,Organic,https://herbly.com.au/pages/coffs-harbour-dispensary
Local Medicinal Cannabis Access,dispnsary near me,dispensaries near me,7,210,32,transactional,3,Organic,https://herbly.com.au/pages/coffs-harbour-dispensary
Local Medicinal Cannabis Access,dispensary dispensary,dispensary dispensary,86,3600,48,commercial,5,Organic,https://herbly.com.au/pages/bendigo-dispensary
Local Medicinal Cannabis Access,dispensary dispensary,dispensary bendigo,7,390,25,navigational,3,Organic,https://herbly.com.au/pages/bendigo-dispensary
Local Medicinal Cannabis Access,dispensary dispensary,bendigo dispensary,3,260,27,navigational,4,Organic,https://herbly.com.au/pages/bendigo-dispensary
Local Medicinal Cannabis Access,dispensary dispensary,medical marijuana dispensary,0,140,52,informational,39,Organic,https://herbly.com.au/pages/bendigo-dispensary
Local Medicinal Cannabis Access,dispensary dispensary,cannabis dispensary,0,260,36,commercial,75,Organic,https://herbly.com.au/pages/bendigo-dispensary
Local Medicinal Cannabis Access,dispensary dispensary,where to get medical weed,0,90,50,informational,78,Organic,https://herbly.com.au/pages/bendigo-dispensary
Local Medicinal Cannabis Access,dispensary dispensary,the dispensary bendigo,0,590,35,navigational,17,Organic,https://herbly.com.au/pages/bendigo-dispensary
Local Medicinal Cannabis Access,dispensary near me,dispensary near me,45,1300,39,"informational, transactional",2,Organic,https://herbly.com.au/pages/armidale-dispensary
Local Medicinal Cannabis Access,dispensary near me,dispensaries,13,390,50,commercial,1,Organic,https://herbly.com.au/pages/armidale-dispensary
Local Medicinal Cannabis Access,dispensary near me,acacia medical armidale,0,140,18,navigational,44,Organic,https://herbly.com.au/pages/armidale-dispensary
Local Medicinal Cannabis Access,medicinal cannabis port macquarie,medicinal cannabis port macquarie,22,90,1,informational,1,Organic,https://herbly.com.au/pages/port-macquarie-dispensary
Local Medicinal Cannabis Access,medicinal cannabis port macquarie,medical cannabis port macquarie,17,70,0,informational,1,Organic,https://herbly.com.au/pages/port-macquarie-dispensary
Local Medicinal Cannabis Access,medicinal cannabis port macquarie,dispensary close to me,0,1900,26,commercial,71,Organic,https://herbly.com.au/pages/port-macquarie-dispensary
Local Medicinal Cannabis Access,cannabis shop near me,cannabis shop near me,26,140,37,"informational, transactional",1,AI overview,https://herbly.com.au/pages/bunbury-dispensary
Local Medicinal Cannabis Access,cannabis shop near me,bunbury chemists,0,90,13,commercial,70,Organic,https://herbly.com.au/pages/bunbury-dispensary
Local Medicinal Cannabis Access,cannabis shop near me,medical marijuana prescription online,0,50,-1,commercial,88,Organic,https://herbly.com.au/pages/bunbury-dispensary
Local Medicinal Cannabis Access,cannabis shop near me,medical dispensary,0,110,55,commercial,60,Organic,https://herbly.com.au/pages/bunbury-dispensary
Local Medicinal Cannabis Access,cannabis shop near me,mode healthcare bunbury,0,70,16,navigational,50,Organic,https://herbly.com.au/pages/bunbury-dispensary
Local Medicinal Cannabis Access,cannabis shop near me,chemists bunbury,0,110,13,commercial,95,Organic,https://herbly.com.au/pages/bunbury-dispensary
Local Medicinal Cannabis Access,cannabis shop near me,weed store online,0,50,38,commercial,27,Organic,https://herbly.com.au/pages/bunbury-dispensary
Local Medicinal Cannabis Access,cannabis shop near me,medical cannabis wa,0,50,43,informational,76,Organic,https://herbly.com.au/pages/bunbury-dispensary
Local Medicinal Cannabis Access,cannabis shop near me,mmj doctor near me,0,90,55,transactional,98,Organic,https://herbly.com.au/pages/bunbury-dispensary
Local Medicinal Cannabis Access,cannabis shop near me,medical cannabis pharmacy near me,0,90,29,transactional,44,Organic,https://herbly.com.au/pages/bunbury-dispensary
Local Medicinal Cannabis Access,newtown dispensary,newtown dispensary,9,110,13,commercial,1,Organic,https://herbly.com.au/pages/newtown-dispensary
Local Medicinal Cannabis Access,newtown dispensary,dispensary newtown,7,90,18,commercial,1,Organic,https://herbly.com.au/pages/newtown-dispensary
Local Medicinal Cannabis Access,newtown dispensary,buy weed sydney,4,70,15,transactional,4,Organic,https://herbly.com.au/pages/newtown-dispensary
Local Medicinal Cannabis Access,newtown dispensary,high st dispensary newtown,3,390,37,navigational,6,Organic,https://herbly.com.au/pages/newtown-dispensary
Local Medicinal Cannabis Access,newtown dispensary,high street dispensary newtown,1,140,31,navigational,6,Organic,https://herbly.com.au/pages/newtown-dispensary
Local Medicinal Cannabis Access,newtown dispensary,buying medical weed online,0,40,39,informational,15,Organic,https://herbly.com.au/pages/newtown-dispensary
Local Medicinal Cannabis Access,newtown dispensary,pot dispensary,0,880,25,navigational,39,Organic,https://herbly.com.au/pages/newtown-dispensary
Local Medicinal Cannabis Access,newtown dispensary,medical cannabis dispensary near me,0,260,46,transactional,79,Organic,https://herbly.com.au/pages/newtown-dispensary
Local Medicinal Cannabis Access,newtown dispensary,online medical cannabis,0,50,47,commercial,50,Organic,https://herbly.com.au/pages/newtown-dispensary
Local Medicinal Cannabis Access,newtown dispensary,dispensory,0,50,-1,commercial,82,Organic,https://herbly.com.au/pages/newtown-dispensary
Local Medicinal Cannabis Access,weed byron bay,weed byron bay,22,90,11,commercial,1,Organic,https://herbly.com.au/pages/byron-bay-dispensary
Local Medicinal Cannabis Access,weed byron bay,byron bay cbd,0,90,44,navigational,27,Organic,https://herbly.com.au/pages/byron-bay-dispensary
Local Medicinal Cannabis Access,weed byron bay,weed dispensary near me,0,140,17,"informational, transactional",87,Organic,https://herbly.com.au/pages/byron-bay-dispensary
Local Medicinal Cannabis Access,weed byron bay,chemist byron bay,0,720,16,commercial,85,Organic,https://herbly.com.au/pages/byron-bay-dispensary
Local Medicinal Cannabis Access,weed byron bay,byron medical,0,320,31,navigational,36,Organic,https://herbly.com.au/pages/byron-bay-dispensary
Local Medicinal Cannabis Access,weed byron bay,cbd byron bay,0,40,39,commercial,33,Organic,https://herbly.com.au/pages/byron-bay-dispensary
Local Medicinal Cannabis Access,weed byron bay,pharmacy byron bay,0,320,22,commercial,85,Organic,https://herbly.com.au/pages/byron-bay-dispensary
Local Medicinal Cannabis Access,weed byron bay,astrid byron bay,0,110,17,"navigational, transactional",18,Organic,https://herbly.com.au/pages/byron-bay-dispensary
Local Medicinal Cannabis Access,weed byron bay,byron happy herbs,0,170,20,"informational, transactional",26,Organic,https://herbly.com.au/pages/byron-bay-dispensary
Local Medicinal Cannabis Access,weed shop near me,weed shop near me,10,110,26,"informational, transactional",1,AI overview,https://herbly.com.au/pages/wollongong-dispensary
Local Medicinal Cannabis Access,weed shop near me,cannabis store near me,7,320,17,"informational, transactional",6,Organic,https://herbly.com.au/pages/wollongong-dispensary
Local Medicinal Cannabis Access,weed shop near me,cannabisstores,2,720,55,commercial,9,Organic,https://herbly.com.au/pages/wollongong-dispensary
Local Medicinal Cannabis Access,weed shop near me,where can you buy pot,1,210,45,transactional,7,Organic,https://herbly.com.au/pages/wollongong-dispensary
Local Medicinal Cannabis Access,weed shop near me,cannabis shop,1,140,39,commercial,10,Organic,https://herbly.com.au/pages/wollongong-dispensary
Local Medicinal Cannabis Access,weed shop near me,cannabis store,1,1000,49,commercial,21,Organic,https://herbly.com.au/pages/wollongong-dispensary
Local Medicinal Cannabis Access,weed shop near me,medical cannabis delivery,0,50,39,informational,36,Organic,https://herbly.com.au/pages/wollongong-dispensary
Local Medicinal Cannabis Access,weed shop near me,buy weed,0,140,33,transactional,24,Organic,https://herbly.com.au/pages/wollongong-dispensary
Local Medicinal Cannabis Access,weed shop near me,cannabis dealers near me,0,90,31,"informational, transactional",98,Organic,https://herbly.com.au/pages/wollongong-dispensary
Local Medicinal Cannabis Access,weed shop near me,medical marijuana doctors near me,0,50,42,transactional,99,Organic,https://herbly.com.au/pages/wollongong-dispensary
Local Medicinal Cannabis Access,medical canabis dispensary near.me,medical canabis dispensary near.me,21,260,31,transactional,2,Organic,https://herbly.com.au/pages/morayfield-dispensary
Local Medicinal Cannabis Access,medical canabis dispensary near.me,weed dispensary brisbane,0,50,16,informational,75,Organic,https://herbly.com.au/pages/morayfield-dispensary
Local Medicinal Cannabis Access,medical canabis dispensary near.me,buy weed in brisbane,0,50,18,informational,83,Organic,https://herbly.com.au/pages/morayfield-dispensary
Local Medicinal Cannabis Access,medical canabis dispensary near.me,cannabis clinic near me,0,140,39,transactional,39,Organic,https://herbly.com.au/pages/morayfield-dispensary
Local Medicinal Cannabis Access,medical canabis dispensary near.me,releaf brisbane,0,40,22,"informational, transactional",91,Organic,https://herbly.com.au/pages/morayfield-dispensary
Local Medicinal Cannabis Access,medical canabis dispensary near.me,cannihelp dispensary,0,260,27,informational,85,Organic,https://herbly.com.au/pages/morayfield-dispensary
Local Medicinal Cannabis Access,medical canabis dispensary near.me,weed dispensary,0,210,47,informational,58,Organic,https://herbly.com.au/pages/morayfield-dispensary
Local Medicinal Cannabis Access,medical canabis dispensary near.me,marijuana dispensary near me,0,140,31,"informational, transactional",14,Organic,https://herbly.com.au/pages/morayfield-dispensary
Local Medicinal Cannabis Access,medical canabis dispensary near.me,dispensry,0,50,38,commercial,52,Organic,https://herbly.com.au/pages/morayfield-dispensary
Local Medicinal Cannabis Access,medical canabis dispensary near.me,dispensiry,0,70,29,commercial,25,Organic,https://herbly.com.au/pages/morayfield-dispensary
Local Medicinal Cannabis Access,medicinal cannabis sunshine coast,medicinal cannabis sunshine coast,6,50,4,informational,1,AI overview,https://herbly.com.au/pages/sunshine-coast-dispensary
Local Medicinal Cannabis Access,medicinal cannabis sunshine coast,medical cannabis sunshine coast,5,70,4,informational,3,Organic,https://herbly.com.au/pages/sunshine-coast-dispensary
Local Medicinal Cannabis Access,medicinal cannabis sunshine coast,medicinal cannabinoids sunshine coast,2,50,13,informational,1,AI overview,https://herbly.com.au/pages/sunshine-coast-dispensary
Local Medicinal Cannabis Access,medicinal cannabis sunshine coast,medicinal marijuanas sunshine coast,1,50,8,commercial,3,Organic,https://herbly.com.au/pages/sunshine-coast-dispensary
Local Medicinal Cannabis Access,medicinal cannabis sunshine coast,cbd oil sunshine coast,1,50,6,commercial,4,Organic,https://herbly.com.au/pages/sunshine-coast-dispensary
Local Medicinal Cannabis Access,medicinal cannabis sunshine coast,dispensaries near me medical,0,170,38,transactional,45,Organic,https://herbly.com.au/pages/sunshine-coast-dispensary
Local Medicinal Cannabis Access,medicinal cannabis sunshine coast,medical cannabis delivery,0,50,39,informational,45,Organic,https://herbly.com.au/pages/sunshine-coast-dispensary
Local Medicinal Cannabis Access,medicinal cannabis sunshine coast,cannabis shop near me,0,140,37,"informational, transactional",26,Organic,https://herbly.com.au/pages/sunshine-coast-dispensary
Local Medicinal Cannabis Access,medicinal cannabis sunshine coast,pot doctor near me,0,50,50,"informational, transactional",56,Organic,https://herbly.com.au/pages/sunshine-coast-dispensary
Local Medicinal Cannabis Access,medicinal cannabis sunshine coast,mmj doctor near me,0,90,55,transactional,96,Organic,https://herbly.com.au/pages/sunshine-coast-dispensary
Local Medicinal Cannabis Access,medical marijuanas townsville,medical marijuanas townsville,6,50,4,informational,2,Organic,https://herbly.com.au/pages/townsville-dispensary
Local Medicinal Cannabis Access,medical marijuanas townsville,dispensary dispensary,5,3600,48,commercial,26,Organic,https://herbly.com.au/pages/townsville-dispensary
Local Medicinal Cannabis Access,medical marijuanas townsville,cbd oil townsville,3,50,6,informational,2,Organic,https://herbly.com.au/pages/townsville-dispensary
Local Medicinal Cannabis Access,medical marijuanas townsville,dispensaries near me medical,0,170,38,transactional,97,Organic,https://herbly.com.au/pages/townsville-dispensary
Local Medicinal Cannabis Access,medical marijuanas townsville,cannibis store near me,0,70,18,"informational, transactional",75,Organic,https://herbly.com.au/pages/townsville-dispensary
Local Medicinal Cannabis Access,medical marijuanas townsville,medical marijuana online,0,140,50,commercial,31,Organic,https://herbly.com.au/pages/townsville-dispensary
Local Medicinal Cannabis Access,medical marijuanas townsville,dispensed australia strains,0,90,22,informational,44,Organic,https://herbly.com.au/pages/townsville-dispensary
Local Medicinal Cannabis Access,medical marijuanas townsville,free consult medical weed,0,70,48,informational,50,Organic,https://herbly.com.au/pages/townsville-dispensary
Local Medicinal Cannabis Access,medical marijuanas townsville,medical cannabis clinic,0,170,37,commercial,90,Organic,https://herbly.com.au/pages/townsville-dispensary
Local Medicinal Cannabis Access,medical marijuanas townsville,online cannabis prescription,0,210,47,commercial,85,Organic,https://herbly.com.au/pages/townsville-dispensary
Local Medicinal Cannabis Access,cannabis dispensary brisbane,cannabis dispensary brisbane,9,170,33,informational,1,AI overview,https://herbly.com.au/pages/north-lakes-dispensary
Local Medicinal Cannabis Access,cannabis dispensary brisbane,weed dispensary brisbane,1,50,16,informational,6,Organic,https://herbly.com.au/pages/north-lakes-dispensary
Local Medicinal Cannabis Access,cannabis dispensary brisbane,buy weed in brisbane,1,50,18,informational,4,Organic,https://herbly.com.au/pages/north-lakes-dispensary
Local Medicinal Cannabis Access,cannabis dispensary brisbane,medical marijuana dispensary brisbane,1,50,43,informational,7,Organic,https://herbly.com.au/pages/north-lakes-dispensary
Local Medicinal Cannabis Access,cannabis dispensary brisbane,medical cannabis dispensary brisbane,1,50,42,commercial,8,Organic,https://herbly.com.au/pages/north-lakes-dispensary
Local Medicinal Cannabis Access,cannabis dispensary brisbane,medical weed brisbane,0,110,48,informational,9,Organic,https://herbly.com.au/pages/north-lakes-dispensary
Local Medicinal Cannabis Access,cannabis dispensary brisbane,my leaf brisbane,0,50,54,navigational,63,Organic,https://herbly.com.au/pages/north-lakes-dispensary
Local Medicinal Cannabis Access,cannabis dispensary brisbane,releaf brisbane,0,40,22,"informational, transactional",62,Organic,https://herbly.com.au/pages/north-lakes-dispensary
Local Medicinal Cannabis Access,cannabis dispensary brisbane,medicinal marijuanas brisbane,0,170,43,commercial,37,Organic,https://herbly.com.au/pages/north-lakes-dispensary
Local Medicinal Cannabis Access,cannabis dispensary brisbane,marijuana dispensary near me,0,140,31,"informational, transactional",41,Organic,https://herbly.com.au/pages/north-lakes-dispensary
Local Medicinal Cannabis Access,weed near me,weed near me,5,170,43,"informational, transactional",1,AI overview,https://herbly.com.au/pages/penrith-dispensary
Local Medicinal Cannabis Access,weed near me,dispensaries near me medical,4,170,38,transactional,6,Organic,https://herbly.com.au/pages/penrith-dispensary
Local Medicinal Cannabis Access,weed near me,cannabis dispensary near me,2,140,24,"informational, transactional",9,Organic,https://herbly.com.au/pages/penrith-dispensary
Local Medicinal Cannabis Access,weed near me,dispensary,2,2900,58,informational,24,Organic,https://herbly.com.au/pages/penrith-dispensary
Local Medicinal Cannabis Access,weed near me,weed dispensary near me,0,140,17,"informational, transactional",37,Organic,https://herbly.com.au/pages/penrith-dispensary
Local Medicinal Cannabis Access,weed near me,medical dispensary,0,110,55,commercial,15,Organic,https://herbly.com.au/pages/penrith-dispensary
Local Medicinal Cannabis Access,weed near me,cannabinoids dispensary near me,0,390,53,transactional,20,Organic,https://herbly.com.au/pages/penrith-dispensary
Local Medicinal Cannabis Access,weed near me,medical marijuana dispensary,0,140,52,informational,69,Organic,https://herbly.com.au/pages/penrith-dispensary
Local Medicinal Cannabis Access,weed near me,medical cannabis prescription sydney,0,90,8,informational,70,Organic,https://herbly.com.au/pages/penrith-dispensary
Local Medicinal Cannabis Access,weed near me,mmj clinic near me,0,90,40,"informational, transactional",91,Organic,https://herbly.com.au/pages/penrith-dispensary
Local Medicinal Cannabis Access,dispensary brisbane,dispensary brisbane,11,170,44,commercial,3,Organic,https://herbly.com.au/pages/brisbane-dispensary
Local Medicinal Cannabis Access,dispensary brisbane,medical weed brisbane,0,110,48,informational,79,Organic,https://herbly.com.au/pages/brisbane-dispensary
Local Medicinal Cannabis Access,dispensary brisbane,my leaf brisbane,0,50,54,navigational,41,Organic,https://herbly.com.au/pages/brisbane-dispensary
Local Medicinal Cannabis Access,dispensary brisbane,releaf brisbane,0,40,22,"informational, transactional",44,Organic,https://herbly.com.au/pages/brisbane-dispensary
Local Medicinal Cannabis Access,dispensary brisbane,buy weed brisbane,0,90,40,transactional,57,Organic,https://herbly.com.au/pages/brisbane-dispensary
Local Medicinal Cannabis Access,weed place near me,weed place near me,11,90,30,transactional,1,Organic,https://herbly.com.au/pages/hervey-bay-dispensary
Local Medicinal Cannabis Access,weed place near me,medical cannabis delivery,0,50,39,informational,8,Organic,https://herbly.com.au/pages/hervey-bay-dispensary
Local Medicinal Cannabis Access,weed place near me,weed dispensary near me,0,140,17,"informational, transactional",23,Organic,https://herbly.com.au/pages/hervey-bay-dispensary
Local Medicinal Cannabis Access,weed place near me,cannabis dealers near me,0,90,31,"informational, transactional",47,Organic,https://herbly.com.au/pages/hervey-bay-dispensary
Local Medicinal Cannabis Access,weed place near me,easy cannabis clinic,0,90,49,informational,37,Organic,https://herbly.com.au/pages/hervey-bay-dispensary
Local Medicinal Cannabis Access,weed place near me,24 hour chemist hervey bay,0,110,17,informational,20,Organic,https://herbly.com.au/pages/hervey-bay-dispensary
Local Medicinal Cannabis Access,marijuana dispensary near me,marijuana dispensary near me,5,140,31,"informational, transactional",4,Organic,https://herbly.com.au/pages/ipswich-dispensary
Local Medicinal Cannabis Access,marijuana dispensary near me,fern dispensary,1,140,36,navigational,6,Organic,https://herbly.com.au/pages/ipswich-dispensary
Local Medicinal Cannabis Access,marijuana dispensary near me,marijuana near me,1,50,35,"informational, transactional",1,AI overview,https://herbly.com.au/pages/ipswich-dispensary
Local Medicinal Cannabis Access,marijuana dispensary near me,dispensaries near me medical,0,170,38,transactional,91,Organic,https://herbly.com.au/pages/ipswich-dispensary
Local Medicinal Cannabis Access,marijuana dispensary near me,medical marijuanas doctor near me,0,50,47,"informational, transactional",51,Organic,https://herbly.com.au/pages/mandurah-dispensary
Local Medicinal Cannabis Access,marijuana dispensary near me,medicinal cannabis online,0,70,44,informational,64,Organic,https://herbly.com.au/pages/ipswich-dispensary
Local Medicinal Cannabis Access,marijuana dispensary near me,weed prescription qld,0,70,61,informational,91,Organic,https://herbly.com.au/pages/ipswich-dispensary
Local Medicinal Cannabis Access,marijuana dispensary near me,marijuana dispensary,0,140,49,informational,66,Organic,https://herbly.com.au/pages/ipswich-dispensary
Local Medicinal Cannabis Access,marijuana dispensary near me,cannabisstores,0,720,55,commercial,36,Organic,https://herbly.com.au/pages/ipswich-dispensary
Local Medicinal Cannabis Access,marijuana dispensary near me,cheapest medical marijuanas dispensary near me,0,110,39,transactional,38,Organic,https://herbly.com.au/pages/ipswich-dispensary
Local Medicinal Cannabis Access,dispensary mackay,dispensary mackay,7,880,32,navigational,7,Organic,https://herbly.com.au/pages/mackay-dispensary
Local Medicinal Cannabis Access,dispensary mackay,buy medical marijuanas online,0,70,48,transactional,75,Organic,https://herbly.com.au/pages/mackay-dispensary
Local Medicinal Cannabis Access,dispensary mackay,medical marijuana dispensary brisbane,0,50,43,informational,97,Organic,https://herbly.com.au/pages/mackay-dispensary
Local Medicinal Cannabis Access,dispensary mackay,the dispensary mackay,0,720,28,"navigational, transactional",31,Organic,https://herbly.com.au/pages/mackay-dispensary
Local Medicinal Cannabis Access,how can i get medical weed,how can i get medical weed,6,390,58,informational,1,People also ask,https://herbly.com.au/blogs/latest-medical-articles/understanding-monthly-limits-and-interval-periods
Local Medicinal Cannabis Access,how can i get medical weed,how can you get medical weed,0,40,52,informational,1,People also ask,https://herbly.com.au/blogs/latest-medical-articles/understanding-monthly-limits-and-interval-periods
Local Medicinal Cannabis Access,how can i get medical weed,how do i get medical weed,0,50,-1,informational,1,People also ask,https://herbly.com.au/blogs/latest-medical-articles/understanding-monthly-limits-and-interval-periods
Local Medicinal Cannabis Access,dispensary toowoomba,dispensary toowoomba,5,90,10,commercial,3,Organic,https://herbly.com.au/pages/toowoomba-dispensary
Local Medicinal Cannabis Access,dispensary toowoomba,pine dispensary toowoomba,1,1000,23,navigational,11,Organic,https://herbly.com.au/pages/toowoomba-dispensary
Local Medicinal Cannabis Access,dispensary toowoomba,pine dispensary toowoomba city,0,90,21,navigational,16,Organic,https://herbly.com.au/pages/toowoomba-dispensary
Local Medicinal Cannabis Access,dispensary toowoomba,green life toowoomba,0,720,18,"informational, transactional",48,Organic,https://herbly.com.au/pages/toowoomba-dispensary
Local Medicinal Cannabis Access,dispensary toowoomba,greenlife toowoomba,0,260,16,"informational, navigational",37,Organic,https://herbly.com.au/pages/toowoomba-dispensary
Local Medicinal Cannabis Access,dispensary toowoomba,cheapest medical marijuanas dispensary near me,0,110,39,transactional,57,Organic,https://herbly.com.au/pages/toowoomba-dispensary
Local Medicinal Cannabis Access,dispensary toowoomba,cannabis dispensary,0,260,36,commercial,54,Organic,https://herbly.com.au/pages/toowoomba-dispensary
Local Medicinal Cannabis Access,dispensary toowoomba,dispensaries,0,390,50,commercial,20,Organic,https://herbly.com.au/pages/toowoomba-dispensary
Local Medicinal Cannabis Access,dispensary toowoomba,pine dispensary,0,480,18,navigational,19,Organic,https://herbly.com.au/pages/toowoomba-dispensary
Local Medicinal Cannabis Access,dispensary toowoomba,green life clinics toowoomba,0,90,17,navigational,44,Organic,https://herbly.com.au/pages/toowoomba-dispensary
Local Medicinal Cannabis Access,lincoln dispensary,lincoln dispensary,3,480,18,informational,13,Organic,https://herbly.com.au/pages/port-lincoln-dispensary
Local Medicinal Cannabis Access,lincoln dispensary,port lincoln pharmacy,0,70,18,commercial,74,Organic,https://herbly.com.au/pages/port-lincoln-dispensary
Local Medicinal Cannabis Access,buy weed adelaide,buy weed adelaide,1,50,29,transactional,7,Organic,https://herbly.com.au/pages/adelaide-dispensary
Local Medicinal Cannabis Access,buy weed adelaide,dispensary adelaide,1,40,26,commercial,3,Organic,https://herbly.com.au/pages/adelaide-dispensary
Local Medicinal Cannabis Access,buy weed adelaide,weed dispensary near me,0,140,17,"informational, transactional",86,Organic,https://herbly.com.au/pages/adelaide-dispensary
Local Medicinal Cannabis Access,buy weed adelaide,medical marijuana dispensary adelaide,0,50,-1,informational,17,Organic,https://herbly.com.au/pages/adelaide-dispensary
Local Medicinal Cannabis Access,buy weed adelaide,cannibis store near me,0,70,18,"informational, transactional",80,Organic,https://herbly.com.au/pages/adelaide-dispensary
Local Medicinal Cannabis Access,buy weed adelaide,weed adelaide,0,110,41,informational,16,Organic,https://herbly.com.au/pages/adelaide-dispensary
Local Medicinal Cannabis Access,buy weed adelaide,herbal dispensary,0,70,17,commercial,42,Organic,https://herbly.com.au/pages/adelaide-dispensary
Local Medicinal Cannabis Access,buy weed adelaide,marijuana dispensary near me,0,140,31,"informational, transactional",79,Organic,https://herbly.com.au/pages/adelaide-dispensary
Local Medicinal Cannabis Access,buy weed adelaide,cannabis dealers near me,0,90,31,"informational, transactional",87,Organic,https://herbly.com.au/pages/adelaide-dispensary
Local Medicinal Cannabis Access,buy weed adelaide,medicinal marijuanas adelaide,0,50,-1,informational,89,Organic,https://herbly.com.au/pages/adelaide-dispensary
Local Medicinal Cannabis Access,marijuana near me,marijuana near me,1,50,35,"informational, transactional",5,Organic,https://herbly.com.au/pages/caboolture-dispensary
Local Medicinal Cannabis Access,marijuana near me,pharmacy caboolture,0,90,23,commercial,60,Organic,https://herbly.com.au/pages/caboolture-dispensary
Local Medicinal Cannabis Access,marijuana near me,weed clinic,0,40,37,informational,96,Organic,https://herbly.com.au/pages/caboolture-dispensary
Local Medicinal Cannabis Access,marijuana near me,medical marijuana doctor,0,140,25,informational,43,Organic,https://herbly.com.au/pages/caboolture-dispensary
Local Medicinal Cannabis Access,marijuana near me,medical marijuana clinic,0,110,50,commercial,73,Organic,https://herbly.com.au/pages/caboolture-dispensary
Local Medicinal Cannabis Access,marijuana near me,can i help dispensary,0,320,47,informational,19,Organic,https://herbly.com.au/pages/caboolture-dispensary
Local Medicinal Cannabis Access,marijuana near me,who prescribes medical marijuanas near me,0,40,51,transactional,76,Organic,https://herbly.com.au/pages/caboolture-dispensary
Local Medicinal Cannabis Access,marijuana near me,medical cannabis near me,0,90,46,transactional,24,Organic,https://herbly.com.au/pages/caboolture-dispensary
Local Medicinal Cannabis Access,cheapest medical marijuanas dispensary near me,cheapest medical marijuanas dispensary near me,1,110,39,transactional,7,Organic,https://herbly.com.au/pages/tweed-heads-dispensary
Local Medicinal Cannabis Access,cheapest medical marijuanas dispensary near me,marijuana dispensary near me,0,140,31,"informational, transactional",27,Organic,https://herbly.com.au/pages/tweed-heads-dispensary
Local Medicinal Cannabis Access,cheapest medical marijuanas dispensary near me,heads near me,0,50,42,"informational, transactional",57,Organic,https://herbly.com.au/pages/tweed-heads-dispensary
Local Medicinal Cannabis Access,releaf caloundra,releaf caloundra,1,1600,20,"navigational, transactional",13,Organic,https://herbly.com.au/pages/caloundra-dispensary
Local Medicinal Cannabis Access,releaf caloundra,dispensaries near me medical,0,170,38,transactional,64,Organic,https://herbly.com.au/pages/caloundra-dispensary
Local Medicinal Cannabis Access,releaf caloundra,24 hour pharmacy caloundra,0,110,17,informational,53,Organic,https://herbly.com.au/pages/caloundra-dispensary
Local Medicinal Cannabis Access,releaf caloundra,releaf caloundra reviews,0,70,14,commercial,11,Organic,https://herbly.com.au/pages/caloundra-dispensary
Local Medicinal Cannabis Access,releaf caloundra,kush clinics caloundra,0,90,23,navigational,20,Organic,https://herbly.com.au/pages/caloundra-dispensary
Local Medicinal Cannabis Access,releaf caloundra,medicinal cannabinoids sunshine coast,0,50,13,informational,84,Organic,https://herbly.com.au/pages/caloundra-dispensary
Local Medicinal Cannabis Access,releaf caloundra,releaf clinic caloundra,0,50,16,"navigational, transactional",16,Organic,https://herbly.com.au/pages/caloundra-dispensary
Local Medicinal Cannabis Access,releaf caloundra,kush clinic caloundra,0,70,23,navigational,17,Organic,https://herbly.com.au/pages/caloundra-dispensary
Local Medicinal Cannabis Access,med dispensary,med dispensary,0,90,55,commercial,47,Organic,https://herbly.com.au/pages/mount-isa-dispensary
Local Medicinal Cannabis Access,brisbane dispensary,brisbane dispensary,0,90,48,commercial,85,Organic,https://herbly.com.au/pages/capalaba-dispensary
Local Medicinal Cannabis Access,barwon heads pharmacy,barwon heads pharmacy,0,480,28,"informational, transactional",44,Organic,https://herbly.com.au/pages/barwon-heads-dispensary
Local Medicinal Cannabis Access,chemist yeppoon,chemist yeppoon,0,720,23,commercial,54,Organic,https://herbly.com.au/pages/yeppoon-dispensary
Local Medicinal Cannabis Access,chemist in dubbo,chemist in dubbo,0,70,19,commercial,54,Organic,https://herbly.com.au/pages/dubbo-dispensary
Local Medicinal Cannabis Access,chemist in dubbo,cannabliss clinics,0,110,30,navigational,60,Organic,https://herbly.com.au/pages/dubbo-dispensary
Local Medicinal Cannabis Access,chemist in dubbo,weed shop near me,0,110,26,"informational, transactional",68,Organic,https://herbly.com.au/pages/dubbo-dispensary
Local Medicinal Cannabis Access,chemist in dubbo,pharmacy dubbo,0,170,19,commercial,70,Organic,https://herbly.com.au/pages/dubbo-dispensary
Local Medicinal Cannabis Access,medical marijuanas victoria,medical marijuanas victoria,0,880,39,informational,86,Organic,https://herbly.com.au/pages/warragul-dispensary
Local Medicinal Cannabis Access,dispensaries near me medical,dispensaries near me medical,0,170,38,transactional,92,Organic,https://herbly.com.au/pages/busselton-dispensary
Local Medicinal Cannabis Access,dispensaries near me medical,herbal dispensary,0,70,17,commercial,78,Organic,https://herbly.com.au/pages/busselton-dispensary
Local Medicinal Cannabis Access,dispensaries near me medical,medical marijuana dispensary near me,0,50,39,"informational, transactional",18,Organic,https://herbly.com.au/pages/busselton-dispensary
Local Medicinal Cannabis Access,dispensaries near me medical,weed dispensary near me,0,140,17,"informational, transactional",85,Organic,https://herbly.com.au/pages/bondi-dispensary
Local Medicinal Cannabis Access,dispensaries near me medical,buy mmj online,0,40,36,transactional,50,Organic,https://herbly.com.au/pages/bundaberg-dispensary
Local Medicinal Cannabis Access,dispensed contact number,dispensed contact number,0,70,13,"navigational, transactional",29,Organic,https://herbly.com.au/pages/esperance-dispensary
Local Medicinal Cannabis Access,lithgow pharmacy,lithgow pharmacy,0,90,19,commercial,65,Organic,https://herbly.com.au/pages/lithgow-dispensary
Local Medicinal Cannabis Access,medicinal cannabis clinic near me,medicinal cannabis clinic near me,0,90,43,"informational, transactional",45,Organic,https://herbly.com.au/pages/campbelltown-dispensary
Local Medicinal Cannabis Access,medicinal cannabis clinic near me,cannabis dispensary near me,0,140,24,"informational, transactional",36,Organic,https://herbly.com.au/pages/campbelltown-dispensary
Local Medicinal Cannabis Access,medicinal cannabis clinic near me,marijuana near me,0,50,35,"informational, transactional",1,AI overview,https://herbly.com.au/pages/campbelltown-dispensary
Local Medicinal Cannabis Access,medicinal cannabis clinic near me,weed near me,0,170,43,"informational, transactional",1,AI overview,https://herbly.com.au/pages/campbelltown-dispensary
Local Medicinal Cannabis Access,medicinal cannabis clinic near me,medical weed doctor near me,0,110,34,transactional,91,Organic,https://herbly.com.au/pages/campbelltown-dispensary
Local Medicinal Cannabis Access,medicinal cannabis clinic near me,medical marijuanas doctor near me,0,50,47,"informational, transactional",64,Organic,https://herbly.com.au/pages/campbelltown-dispensary
Local Medicinal Cannabis Access,medicinal cannabis clinic near me,med dispensary,0,90,55,commercial,70,Organic,https://herbly.com.au/pages/campbelltown-dispensary
Local Medicinal Cannabis Access,medicinal cannabis clinic near me,best medical marijuanas doctor near me,0,40,45,transactional,73,Organic,https://herbly.com.au/pages/campbelltown-dispensary
Local Medicinal Cannabis Access,medicinal cannabis clinic near me,high street newtown,0,170,25,navigational,53,Organic,https://herbly.com.au/pages/campbelltown-dispensary
Local Medicinal Cannabis Access,medicinal cannabis clinic near me,buy medical cannabinoids online,0,40,41,transactional,32,Organic,https://herbly.com.au/pages/campbelltown-dispensary
Local Medicinal Cannabis Access,medical cannabis perth,medical cannabis perth,0,260,27,informational,86,Organic,https://herbly.com.au/pages/rockingham-dispensary
Local Medicinal Cannabis Access,medical cannabis perth,medical canabis dispensary near.me,0,260,31,transactional,86,Organic,https://herbly.com.au/pages/rockingham-dispensary
Local Medicinal Cannabis Access,medical cannabis perth,medical weed perth,0,90,16,informational,91,Organic,https://herbly.com.au/pages/rockingham-dispensary
Local Medicinal Cannabis Access,medical cannabis perth,medical marijuana pharmacy,0,50,46,informational,57,Organic,https://herbly.com.au/pages/rockingham-dispensary
Local Medicinal Cannabis Access,medical cannabis perth,once for all rockingham,0,90,23,"informational, transactional",43,Organic,https://herbly.com.au/pages/rockingham-dispensary
Local Medicinal Cannabis Access,medical cannabis perth,buy medical marijuana,0,110,54,transactional,53,Organic,https://herbly.com.au/pages/rockingham-dispensary
Local Medicinal Cannabis Access,medical cannabis perth,cannabis store near me,0,320,17,"informational, transactional",17,Organic,https://herbly.com.au/pages/rockingham-dispensary
Local Medicinal Cannabis Access,medical cannabis perth,medical marijuana clinic,0,110,50,commercial,87,Organic,https://herbly.com.au/pages/rockingham-dispensary
Local Medicinal Cannabis Access,muswellbrook chemist,muswellbrook chemist,0,260,27,commercial,75,Organic,https://herbly.com.au/pages/muswellbrook-dispensary
Local Medicinal Cannabis Access,muswellbrook chemist,canwell dispensary,0,590,35,navigational,45,Organic,https://herbly.com.au/pages/muswellbrook-dispensary
Local Medicinal Cannabis Access,dispensary gold coast,dispensary gold coast,0,90,24,commercial,46,Organic,https://herbly.com.au/pages/coolangatta-dispensary
Local Medicinal Cannabis Access,dispensary gold coast,green life clinics and dispensaries coolangatta,0,210,21,"informational, transactional",22,Organic,https://herbly.com.au/pages/coolangatta-dispensary
Local Medicinal Cannabis Access,dispensary gold coast,medical marijuanas gold coast,0,210,21,commercial,94,Organic,https://herbly.com.au/pages/coolangatta-dispensary
Local Medicinal Cannabis Access,dispensary gold coast,cbd oil gold coast,0,140,23,informational,64,Organic,https://herbly.com.au/pages/coolangatta-dispensary
Local Medicinal Cannabis Access,dispensary gold coast,cannabis dispensary gold coast,0,70,5,informational,41,Organic,https://herbly.com.au/pages/coolangatta-dispensary
Local Medicinal Cannabis Access,manly clinic reviews,manly clinic reviews,0,50,18,"commercial, informational",71,Organic,https://herbly.com.au/pages/manly-dispensary
Local Medicinal Cannabis Access,get well naturally kallangur,get well naturally kallangur,0,50,21,"navigational, transactional",14,Organic,https://herbly.com.au/pages/kallangur-dispensary
Local Medicinal Cannabis Access,get well naturally kallangur,pharmacy kallangur,0,70,20,commercial,48,Organic,https://herbly.com.au/pages/kallangur-dispensary
Local Medicinal Cannabis Access,clinic weed,clinic weed,0,90,44,commercial,98,Organic,https://herbly.com.au/pages/victoria-point-dispensary
Local Medicinal Cannabis Access,clinic weed,medicinal marijuanas brisbane,0,170,43,commercial,27,Organic,https://herbly.com.au/pages/victoria-point-dispensary
Local Medicinal Cannabis Access,clinic weed,medical cannabis referral,0,70,34,informational,65,Organic,https://herbly.com.au/pages/victoria-point-dispensary
Local Medicinal Cannabis Access,clinic weed,prescription cannabis brisbane,0,50,38,commercial,64,Organic,https://herbly.com.au/pages/victoria-point-dispensary
Local Medicinal Cannabis Access,batemans bay chemist,batemans bay chemist,0,170,22,commercial,81,Organic,https://herbly.com.au/pages/batemans-bay-dispensary
Local Medicinal Cannabis Access,batemans bay chemist,sleep doctor batemans bay nsw,0,110,23,navigational,27,Organic,https://herbly.com.au/pages/batemans-bay-dispensary
Local Medicinal Cannabis Access,greenlife logan,greenlife logan,0,110,20,"informational, transactional",45,Organic,https://herbly.com.au/pages/logan-dispensary
Local Medicinal Cannabis Access,greenlife logan,greenlife loganholme,0,50,19,navigational,50,Organic,https://herbly.com.au/pages/logan-dispensary
Local Medicinal Cannabis Access,greenlife logan,green life loganholme,0,170,27,"informational, navigational",67,Organic,https://herbly.com.au/pages/logan-dispensary
Local Medicinal Cannabis Access,greenlife logan,green life clinics and dispensaries logan,0,320,18,navigational,23,Organic,https://herbly.com.au/pages/logan-dispensary
Local Medicinal Cannabis Access,greenlife logan,green life clinic logan,0,70,24,navigational,47,Organic,https://herbly.com.au/pages/logan-dispensary
Local Medicinal Cannabis Access,greenlife logan,green life logan,0,590,23,"informational, transactional",43,Organic,https://herbly.com.au/pages/logan-dispensary
Local Medicinal Cannabis Access,conveniently sunbury,conveniently sunbury,0,170,29,"informational, transactional",58,Organic,https://herbly.com.au/pages/sunbury-dispensary
Local Medicinal Cannabis Access,mapp and hession,mapp and hession,0,110,18,navigational,21,Organic,https://herbly.com.au/pages/murwillumbah-dispensary
Local Medicinal Cannabis Access,mapp and hession,murwillumbah pharmacy,0,70,13,commercial,28,Organic,https://herbly.com.au/pages/murwillumbah-dispensary
Local Medicinal Cannabis Access,mapp and hession,mapp & hession pharmacy,0,70,29,navigational,26,Organic,https://herbly.com.au/pages/murwillumbah-dispensary
Local Medicinal Cannabis Access,medical dispensary,medical dispensary,0,110,55,commercial,59,Organic,https://herbly.com.au/pages/wagga-wagga-dispensary
Local Medicinal Cannabis Access,medical dispensary,cannabis dispensary brisbane,0,170,33,informational,84,Organic,https://herbly.com.au/
Local Medicinal Cannabis Access,medical dispensary,dispensed natural therapy clinic,0,90,30,navigational,28,Organic,https://herbly.com.au/pages/wagga-wagga-dispensary
Local Medicinal Cannabis Access,medical dispensary,doctors that prescribe medical marijuanas near me,0,50,46,"informational, transactional",92,Organic,https://herbly.com.au/pages/wagga-wagga-dispensary
Local Medicinal Cannabis Access,medical dispensary,weed prescription online,0,210,44,commercial,60,Organic,https://herbly.com.au/pages/wagga-wagga-dispensary
Local Medicinal Cannabis Access,medical dispensary,releaf brisbane,0,40,22,"informational, transactional",94,Organic,https://herbly.com.au/
Local Medicinal Cannabis Access,medical dispensary,mmj doctor near me,0,90,55,transactional,100,Organic,https://herbly.com.au/pages/wagga-wagga-dispensary
Local Medicinal Cannabis Access,medical dispensary,buy marijuana online australia,0,110,28,informational,38,Organic,https://herbly.com.au/
Local Medicinal Cannabis Access,medical dispensary,alternalea,0,110,25,"navigational, transactional",74,Organic,https://herbly.com.au/
Local Medicinal Cannabis Access,medical dispensary,bly,0,880,27,informational,61,Organic,https://herbly.com.au/
Local Medicinal Cannabis Access,medical weed brisbane,medical weed brisbane,0,110,48,informational,53,Organic,https://herbly.com.au/pages/redbank-plains-dispensary
Local Medicinal Cannabis Access,medical weed brisbane,releaf brisbane,0,40,22,"informational, transactional",84,Organic,https://herbly.com.au/pages/redbank-plains-dispensary
Local Medicinal Cannabis Access,medical weed brisbane,fern dispensary,0,140,36,navigational,57,Organic,https://herbly.com.au/pages/redbank-plains-dispensary
Local Medicinal Cannabis Access,medical weed brisbane,brisbane dispensary,0,90,48,commercial,16,Organic,https://herbly.com.au/pages/redbank-plains-dispensary
Local Medicinal Cannabis Access,medical weed brisbane,pharmacy redbank plains,0,170,17,commercial,68,Organic,https://herbly.com.au/pages/redbank-plains-dispensary
Local Medicinal Cannabis Access,medical marijuana dispensary brisbane,medical marijuana dispensary brisbane,0,50,43,informational,65,Organic,https://herbly.com.au/pages/redland-bay-dispensary
Local Medicinal Cannabis Access,melbourne dispensaries,melbourne dispensaries,0,90,31,commercial,59,Organic,https://herbly.com.au/pages/melbourne-dispensary
Local Medicinal Cannabis Access,melbourne dispensaries,dispensed melbourne,0,50,22,"navigational, transactional",59,Organic,https://herbly.com.au/pages/melbourne-dispensary
Local Medicinal Cannabis Access,melbourne dispensaries,dispensary melbourne,0,320,45,commercial,47,Organic,https://herbly.com.au/pages/melbourne-dispensary
Local Medicinal Cannabis Access,melbourne dispensaries,dispensaries melbourne,0,50,39,commercial,61,Organic,https://herbly.com.au/pages/melbourne-dispensary
Local Medicinal Cannabis Access,melbourne dispensaries,melbourne dispensary,0,110,45,commercial,17,Organic,https://herbly.com.au/pages/melbourne-dispensary
Local Medicinal Cannabis Access,chemist springfield lakes,chemist springfield lakes,0,140,21,commercial,64,Organic,https://herbly.com.au/pages/springfield-lakes-dispensary
Local Medicinal Cannabis Access,chemist springfield lakes,hi life dispensary,0,50,41,informational,39,Organic,https://herbly.com.au/pages/springfield-lakes-dispensary
Local Medicinal Cannabis Access,kingaroy chemists,kingaroy chemists,0,50,15,transactional,34,Organic,https://herbly.com.au/pages/kingaroy-dispensary
Local Medicinal Cannabis Access,kingaroy chemists,dispensaries near me medical,0,170,38,transactional,95,Organic,https://herbly.com.au/pages/kingaroy-dispensary
Local Medicinal Cannabis Access,kingaroy chemists,chemist kingaroy opening hours,0,70,17,transactional,47,Organic,https://herbly.com.au/pages/kingaroy-dispensary
Local Medicinal Cannabis Access,kingaroy chemists,chemist kingaroy,0,1000,23,transactional,43,Organic,https://herbly.com.au/pages/kingaroy-dispensary
Local Medicinal Cannabis Access,mmj doctor near me,mmj doctor near me,0,90,55,transactional,99,Organic,https://herbly.com.au/pages/rockhampton-dispensary
Local Medicinal Cannabis Access,mmj doctor near me,medical marijuanas doctor near me,0,50,47,"informational, transactional",77,Organic,https://herbly.com.au/pages/rockhampton-dispensary
Local Medicinal Cannabis Access,mmj doctor near me,weed doctor near me,0,110,40,transactional,88,Organic,https://herbly.com.au/pages/rockhampton-dispensary
Local Medicinal Cannabis Access,mmj doctor near me,chemist rockhampton,0,1600,22,commercial,79,Organic,https://herbly.com.au/pages/rockhampton-dispensary
Local Medicinal Cannabis Access,mount barker express,mount barker express,0,170,17,informational,58,Organic,https://herbly.com.au/pages/mount-barker-dispensary
Local Medicinal Cannabis Access,chemist taree,chemist taree,0,720,27,commercial,50,Organic,https://herbly.com.au/pages/taree-dispensary
Holistic and Alternative Medicine Solutions,vegan doctors,vegan doctors,5,210,21,informational,4,Organic,https://herbly.com.au/pages/plant-medicine-doctors
Holistic and Alternative Medicine Solutions,vegan doctors,alternative doctors,1,40,50,informational,1,AI overview,https://herbly.com.au/pages/plant-medicine-doctors
Holistic and Alternative Medicine Solutions,vegan doctors,natural medicine doctors,0,40,50,commercial,7,Organic,https://herbly.com.au/pages/plant-medicine-doctors
Holistic and Alternative Medicine Solutions,vegan doctors,plant based medicine,0,140,24,informational,28,Organic,https://herbly.com.au/pages/plant-medicine-doctors
Holistic and Alternative Medicine Solutions,vegan doctors,alternative healthcare practitioners,0,50,45,informational,7,Organic,https://herbly.com.au/pages/plant-medicine-doctors
Holistic and Alternative Medicine Solutions,vegan doctors,plant medicine australia,0,110,33,"commercial, informational",19,Organic,https://herbly.com.au/pages/plant-medicine-doctors
Holistic and Alternative Medicine Solutions,vegan doctors,doctors who use alternative medicine,0,210,44,informational,15,Organic,https://herbly.com.au/pages/plant-medicine-doctors
Holistic and Alternative Medicine Solutions,holistic cures for insomnia,holistic cures for insomnia,5,170,68,informational,1,AI overview,https://herbly.com.au/blogs/news/insomnia-therapies-and-treatments-conventional-alternative-and-holistic-approaches
Holistic and Alternative Medicine Solutions,holistic cures for insomnia,cure for sleeplessness,0,140,83,informational,51,Organic,https://herbly.com.au/blogs/news/insomnia-therapies-and-treatments-conventional-alternative-and-holistic-approaches
Holistic and Alternative Medicine Solutions,holistic cures for insomnia,holistic remedies for insomnia,0,170,45,informational,73,Organic,https://herbly.com.au/blogs/news/insomnia-therapies-and-treatments-conventional-alternative-and-holistic-approaches
Holistic and Alternative Medicine Solutions,holistic cures for insomnia,remedy for sleeplessness,0,70,84,informational,45,Organic,https://herbly.com.au/blogs/news/insomnia-therapies-and-treatments-conventional-alternative-and-holistic-approaches
Holistic and Alternative Medicine Solutions,holistic cures for insomnia,holistic medicine for insomnia,0,170,70,informational,14,Organic,https://herbly.com.au/blogs/news/insomnia-therapies-and-treatments-conventional-alternative-and-holistic-approaches
Holistic and Alternative Medicine Solutions,holistic cures for insomnia,alternative medicine for insomnia,0,170,65,informational,14,Organic,https://herbly.com.au/blogs/news/insomnia-therapies-and-treatments-conventional-alternative-and-holistic-approaches
Holistic and Alternative Medicine Solutions,holistic cures for insomnia,natural therapy for insomnia,0,170,67,informational,73,Organic,https://herbly.com.au/blogs/news/insomnia-therapies-and-treatments-conventional-alternative-and-holistic-approaches
Holistic and Alternative Medicine Solutions,holistic cures for insomnia,insomnia treatments,0,1000,64,informational,91,Organic,https://herbly.com.au/blogs/news/insomnia-therapies-and-treatments-conventional-alternative-and-holistic-approaches
Holistic and Alternative Medicine Solutions,holistic cures for insomnia,insomnia therapies,0,210,76,informational,26,Organic,https://herbly.com.au/blogs/news/insomnia-therapies-and-treatments-conventional-alternative-and-holistic-approaches
Holistic and Alternative Medicine Solutions,holistic cures for insomnia,sleeplessness solutions,0,480,90,informational,86,Organic,https://herbly.com.au/blogs/news/insomnia-therapies-and-treatments-conventional-alternative-and-holistic-approaches
Holistic and Alternative Medicine Solutions,ecs drugs,ecs drugs,3,720,79,informational,11,Organic,https://herbly.com.au/blogs/latest-medical-articles/understanding-the-endocannabinoid-system
Holistic and Alternative Medicine Solutions,ecs drugs,endocannibinoids,0,50,-1,informational,35,Organic,https://herbly.com.au/blogs/latest-medical-articles/understanding-the-endocannabinoid-system
Holistic and Alternative Medicine Solutions,ecs drugs,the endocannabinoid system,0,210,58,informational,29,Organic,https://herbly.com.au/blogs/latest-medical-articles/understanding-the-endocannabinoid-system
Holistic and Alternative Medicine Solutions,ecs drugs,endocannabinoid receptors,0,170,76,informational,44,Organic,https://herbly.com.au/blogs/latest-medical-articles/understanding-the-endocannabinoid-system
Holistic and Alternative Medicine Solutions,ecs drugs,endocanabinoid system,0,50,66,informational,43,Organic,https://herbly.com.au/blogs/latest-medical-articles/understanding-the-endocannabinoid-system
Holistic and Alternative Medicine Solutions,ecs drugs,endocannabinoid system,0,720,73,informational,38,Organic,https://herbly.com.au/blogs/latest-medical-articles/understanding-the-endocannabinoid-system
Holistic and Alternative Medicine Solutions,can you drive with cbd oil in australia,can you drive with cbd oil in australia,1,50,18,informational,8,Organic,https://herbly.com.au/blogs/latest-medical-articles/can-you-drive-with-thc-or-cbd-in-your-system
Holistic and Alternative Medicine Solutions,can you drive with cbd oil in australia,medicinal marijuanas victoria driving,1,110,27,informational,8,People also ask,https://herbly.com.au/blogs/latest-medical-articles/can-you-drive-with-thc-or-cbd-in-your-system
Holistic and Alternative Medicine Solutions,can you drive with cbd oil in australia,can you drive with medical marijuanas nsw,0,40,37,informational,1,People also ask,https://herbly.com.au/blogs/latest-medical-articles/can-you-drive-with-thc-or-cbd-in-your-system
Holistic and Alternative Medicine Solutions,can you drive with cbd oil in australia,medical marijuanas nsw driving test,0,70,46,informational,1,People also ask,https://herbly.com.au/blogs/latest-medical-articles/can-you-drive-with-thc-or-cbd-in-your-system
Holistic and Alternative Medicine Solutions,alternative medicine in australia,alternative medicine in australia,1,40,28,informational,5,Organic,https://herbly.com.au/blogs/latest-medical-articles/how-to-access-alternative-medicine-in-australia-a-step-by-step-guide
Holistic and Alternative Medicine Solutions,alternative medicine in australia,alternative health services,0,70,66,informational,13,Organic,https://herbly.com.au/blogs/latest-medical-articles/how-to-access-alternative-medicine-in-australia-a-step-by-step-guide
Holistic and Alternative Medicine Solutions,alternative medicine in australia,alternative medicine australia,0,110,49,informational,16,Organic,https://herbly.com.au/blogs/latest-medical-articles/how-to-access-alternative-medicine-in-australia-a-step-by-step-guide
Holistic and Alternative Medicine Solutions,alternative medicine in australia,alternative therapies australia,0,40,-1,commercial,23,Organic,https://herbly.com.au/blogs/latest-medical-articles/how-to-access-alternative-medicine-in-australia-a-step-by-step-guide
Holistic and Alternative Medicine Solutions,natural doctor wetherill park,natural doctor wetherill park,1,40,15,informational,5,Organic,https://herbly.com.au/pages/wetherill-park-dispensary
Holistic and Alternative Medicine Solutions,natural doctor wetherill park,dispensary dispensary,0,3600,48,commercial,52,Organic,https://herbly.com.au/pages/wetherill-park-dispensary
Holistic and Alternative Medicine Solutions,natural doctor wetherill park,deer park dispensary,0,480,30,navigational,21,Organic,https://herbly.com.au/pages/wetherill-park-dispensary
Holistic and Alternative Medicine Solutions,holistic medicine for menopause,holistic medicine for menopause,0,170,32,informational,75,Organic,https://herbly.com.au/blogs/women-s-health/women-turning-to-alternative-medicine-for-relief-of-menopause-symptoms
Holistic and Alternative Medicine Solutions,holistic medicine for menopause,alternative medicine for hot flashes,0,90,39,informational,60,Organic,https://herbly.com.au/blogs/women-s-health/women-turning-to-alternative-medicine-for-relief-of-menopause-symptoms
Holistic and Alternative Medicine Solutions,holistic medicine for menopause,hrt alternatives,0,40,33,informational,70,Organic,https://herbly.com.au/blogs/women-s-health/women-turning-to-alternative-medicine-for-relief-of-menopause-symptoms
Holistic and Alternative Medicine Solutions,holistic medicine for menopause,natural menopause treatments that really work australia,0,110,29,informational,36,Organic,https://herbly.com.au/blogs/women-s-health/women-turning-to-alternative-medicine-for-relief-of-menopause-symptoms
Holistic and Alternative Medicine Solutions,holistic medicine for menopause,alternative menopause remedies,0,50,31,informational,73,Organic,https://herbly.com.au/blogs/women-s-health/women-turning-to-alternative-medicine-for-relief-of-menopause-symptoms
Holistic and Alternative Medicine Solutions,holistic medicine for menopause,alternative medicine for hot flushes,0,90,29,informational,25,Organic,https://herbly.com.au/blogs/women-s-health/women-turning-to-alternative-medicine-for-relief-of-menopause-symptoms
Holistic and Alternative Medicine Solutions,holistic medicine for menopause,alternative remedies for menopause,0,210,41,informational,48,Organic,https://herbly.com.au/blogs/women-s-health/women-turning-to-alternative-medicine-for-relief-of-menopause-symptoms
Holistic and Alternative Medicine Solutions,health summary,health summary,0,110,16,informational,22,Organic,https://herbly.com.au/blogs/latest-medical-articles/what-is-a-health-summary-and-why-herbly-asks-for-it
Holistic and Alternative Medicine Solutions,health summary,patient health summary,0,70,12,informational,23,Organic,https://herbly.com.au/blogs/latest-medical-articles/what-is-a-health-summary-and-why-herbly-asks-for-it
Holistic and Alternative Medicine Solutions,alternative drugs,alternative drugs,0,320,71,informational,92,Organic,https://herbly.com.au/blogs/latest-medical-articles/can-alternative-medicine-affect-my-other-medications
Holistic and Alternative Medicine Solutions,cbd benefits for women,cbd benefits for women,0,70,15,informational,15,Organic,https://herbly.com.au/blogs/women-s-health/lower-abdominal-pain-in-women-exploring-the-benefits-of-cbd-thc
Holistic and Alternative Medicine Solutions,burpengary doctors reviews,burpengary doctors reviews,0,70,16,commercial,38,Organic,https://herbly.com.au/pages/burpengary-dispensary
Holistic and Alternative Medicine Solutions,getting a second opinion doctor,getting a second opinion doctor,0,70,-1,informational,64,Organic,https://herbly.com.au/blogs/latest-medical-articles/should-you-get-a-second-opinion-about-alternative-medicine
Holistic and Alternative Medicine Solutions,getting a second opinion doctor,getting a second opinion from a doctor,0,140,19,informational,64,Organic,https://herbly.com.au/blogs/latest-medical-articles/should-you-get-a-second-opinion-about-alternative-medicine
Holistic and Alternative Medicine Solutions,medicinal cannibas menopause,medicinal cannibas menopause,0,50,9,informational,20,Organic,https://herbly.com.au/blogs/women-s-health/managing-menopause-symptoms-with-cbd-and-thc-a-complete-guide
Holistic and Alternative Medicine Solutions,cannabliss clinics,cannabliss clinics,0,110,30,navigational,51,Organic,https://herbly.com.au/pages/albury-dispensary
Holistic and Alternative Medicine Solutions,cannabliss clinics,med dispensary,0,90,55,commercial,69,Organic,https://herbly.com.au/pages/albury-dispensary
Holistic and Alternative Medicine Solutions,cannabliss clinics,medical marijuana prescription online,0,50,-1,commercial,68,Organic,https://herbly.com.au/pages/albury-dispensary
Holistic and Alternative Medicine Solutions,cannabliss clinics,online medical marijuana,0,50,47,commercial,60,Organic,https://herbly.com.au/pages/albury-dispensary
Holistic and Alternative Medicine Solutions,alternative healthcare,alternative healthcare,0,50,81,informational,77,Organic,https://herbly.com.au/blogs/news/exploring-alternative-medicine-a-path-to-holistic-wellness
Holistic and Alternative Medicine Solutions,medicine for hormonal imbalance,medicine for hormonal imbalance,0,40,61,informational,40,Organic,https://herbly.com.au/blogs/women-s-health/hormonal-balance-in-women-how-alternative-medicine-may-help
Holistic and Alternative Medicine Solutions,herbal dispensary,herbal dispensary,0,70,17,commercial,97,Organic,https://herbly.com.au/pages/gawler-dispensary
Holistic and Alternative Medicine Solutions,herbal dispensary,cannabis brisbane,0,90,48,informational,85,Organic,https://herbly.com.au/pages/narangba-dispensary
Holistic and Alternative Medicine Solutions,herbal dispensary,cannabis doctors brisbane,0,70,42,commercial,40,Organic,https://herbly.com.au/pages/narangba-dispensary
Holistic and Alternative Medicine Solutions,alternative healthcare practitioners,alternative healthcare practitioners,0,50,45,informational,19,Organic,https://herbly.com.au/blogs/latest-medical-articles/why-our-practitioners-chose-alternative-medicine
Holistic and Alternative Medicine Solutions,alternative healthcare practitioners,alternative medicine practitioner,0,90,47,informational,17,Organic,https://herbly.com.au/blogs/latest-medical-articles/why-our-practitioners-chose-alternative-medicine
Holistic and Alternative Medicine Solutions,bacchus marsh natural health,bacchus marsh natural health,0,210,16,"commercial, navigational",28,Organic,https://herbly.com.au/pages/bacchus-marsh-dispensary
Holistic and Alternative Medicine Solutions,bacchus marsh natural health,chemist in bacchus marsh,0,390,17,commercial,33,Organic,https://herbly.com.au/pages/bacchus-marsh-dispensary
Pain and Symptom Management,arthritis,arthritis,6,22200,88,informational,35,Organic,https://herbly.com.au/blogs/news/understanding-arthritis-causes-impacts-and-treatments
Pain and Symptom Management,arthritis,arthitis,0,170,83,informational,51,Organic,https://herbly.com.au/blogs/news/understanding-arthritis-causes-impacts-and-treatments
Pain and Symptom Management,arthritis,arthertis,0,70,84,informational,51,Organic,https://herbly.com.au/blogs/news/understanding-arthritis-causes-impacts-and-treatments
Pain and Symptom Management,arthritis,causes of arthritis,0,170,72,informational,60,Organic,https://herbly.com.au/blogs/news/understanding-arthritis-causes-impacts-and-treatments
Pain and Symptom Management,arthritis,arthirits,0,110,84,informational,52,Organic,https://herbly.com.au/blogs/news/understanding-arthritis-causes-impacts-and-treatments
Pain and Symptom Management,arthritis,artheritus,0,50,78,informational,32,Organic,https://herbly.com.au/blogs/news/understanding-arthritis-causes-impacts-and-treatments
Pain and Symptom Management,arthritis,is arthritis a curable disease,0,110,72,informational,63,Organic,https://herbly.com.au/blogs/news/understanding-arthritis-causes-impacts-and-treatments
Pain and Symptom Management,arthritis,arthirtis,0,50,76,informational,48,Organic,https://herbly.com.au/blogs/news/understanding-arthritis-causes-impacts-and-treatments
Pain and Symptom Management,arthritis,how to get arthritis,0,170,83,informational,57,Organic,https://herbly.com.au/blogs/news/understanding-arthritis-causes-impacts-and-treatments
Pain and Symptom Management,alternative treatments for ulcerative colitis,alternative treatments for ulcerative colitis,2,70,52,informational,1,AI overview,https://herbly.com.au/blogs/news/natural-treatments-for-ulcerative-colitis
Pain and Symptom Management,alternative treatments for ulcerative colitis,natural cure for ulcerative colitis disease,0,70,36,informational,39,Organic,https://herbly.com.au/blogs/news/natural-treatments-for-ulcerative-colitis
Pain and Symptom Management,alternative treatments for ulcerative colitis,natural remedies for uc,0,70,39,informational,38,Organic,https://herbly.com.au/blogs/news/natural-treatments-for-ulcerative-colitis
Pain and Symptom Management,alternative treatments for ulcerative colitis,natural cures for colitis,0,70,44,informational,17,Organic,https://herbly.com.au/blogs/news/natural-treatments-for-ulcerative-colitis
Pain and Symptom Management,alternative treatments for ulcerative colitis,ulcerative proctitis natural treatment,0,50,35,informational,16,Organic,https://herbly.com.au/blogs/news/natural-treatments-for-ulcerative-colitis
Pain and Symptom Management,alternative treatments for ulcerative colitis,natural remedies for ulcerative proctitis,0,70,40,informational,34,Organic,https://herbly.com.au/blogs/news/natural-treatments-for-ulcerative-colitis
Pain and Symptom Management,alternative treatments for ulcerative colitis,ulcerative colitis remedies,0,90,61,informational,33,Organic,https://herbly.com.au/blogs/news/natural-treatments-for-ulcerative-colitis
Pain and Symptom Management,alternative treatments for ulcerative colitis,natural treatments for colitis,0,70,34,informational,34,Organic,https://herbly.com.au/blogs/news/natural-treatments-for-ulcerative-colitis
Pain and Symptom Management,alternative treatments for ulcerative colitis,ulcerative colitis alternative treatment,0,70,28,informational,27,Organic,https://herbly.com.au/blogs/news/natural-treatments-for-ulcerative-colitis
Pain and Symptom Management,alternative treatments for ulcerative colitis,natural therapy for ulcerative colitis,0,70,35,informational,16,Organic,https://herbly.com.au/blogs/news/natural-treatments-for-ulcerative-colitis
Pain and Symptom Management,holistic healing for anxiety,holistic healing for anxiety,1,590,50,informational,14,Organic,https://herbly.com.au/blogs/news/holistic-treatment-for-anxiety-exploring-alternative-medicine-and-natural-therapies-in-australia
Pain and Symptom Management,holistic healing for anxiety,natural treatment for anxiety,0,70,63,informational,39,Organic,https://herbly.com.au/blogs/news/holistic-treatment-for-anxiety-exploring-alternative-medicine-and-natural-therapies-in-australia
Pain and Symptom Management,holistic healing for anxiety,anxiety natural remedies,0,50,54,informational,44,Organic,https://herbly.com.au/blogs/news/holistic-treatment-for-anxiety-exploring-alternative-medicine-and-natural-therapies-in-australia
Pain and Symptom Management,holistic healing for anxiety,anxiety herbs treatment,0,90,58,informational,29,Organic,https://herbly.com.au/blogs/news/holistic-treatment-for-anxiety-exploring-alternative-medicine-and-natural-therapies-in-australia
Pain and Symptom Management,holistic healing for anxiety,alternative medicine for anxiety,0,320,64,informational,16,Organic,https://herbly.com.au/blogs/news/holistic-treatment-for-anxiety-exploring-alternative-medicine-and-natural-therapies-in-australia
Pain and Symptom Management,holistic healing for anxiety,holistic treatment anxiety,0,260,60,informational,16,Organic,https://herbly.com.au/blogs/news/holistic-treatment-for-anxiety-exploring-alternative-medicine-and-natural-therapies-in-australia
Pain and Symptom Management,holistic healing for anxiety,best natural anxiety,0,70,59,"commercial, informational",86,Organic,https://herbly.com.au/blogs/news/holistic-treatment-for-anxiety-exploring-alternative-medicine-and-natural-therapies-in-australia
Pain and Symptom Management,holistic healing for anxiety,natural medicine for anxiety,0,390,60,informational,67,Organic,https://herbly.com.au/blogs/news/holistic-treatment-for-anxiety-exploring-alternative-medicine-and-natural-therapies-in-australia
Pain and Symptom Management,holistic healing for anxiety,natural anxiety relief,0,320,64,informational,46,Organic,https://herbly.com.au/blogs/news/holistic-treatment-for-anxiety-exploring-alternative-medicine-and-natural-therapies-in-australia
Pain and Symptom Management,holistic healing for anxiety,ways to ease anxiety naturally,0,40,71,informational,71,Organic,https://herbly.com.au/blogs/news/holistic-treatment-for-anxiety-exploring-alternative-medicine-and-natural-therapies-in-australia
Pain and Symptom Management,period pain remedies,period pain remedies,1,720,80,informational,22,Organic,https://herbly.com.au/blogs/women-s-health/top-7-period-pain-remedies-and-the-role-of-cbd-thc
Pain and Symptom Management,period pain remedies,natural ways to cure menstrual cramps,0,70,67,"commercial, informational",38,Organic,https://herbly.com.au/blogs/women-s-health/top-7-period-pain-remedies-and-the-role-of-cbd-thc
Pain and Symptom Management,how to cure period pain naturally,how to cure period pain naturally,0,90,64,informational,43,Organic,https://herbly.com.au/blogs/women-s-health/cbd-and-thc-for-period-pain-natural-ways-to-relieve-menstrual-cramps
Pain and Symptom Management,how to cure period pain naturally,relieve menstrual cramps,0,90,72,informational,39,Organic,https://herbly.com.au/blogs/women-s-health/cbd-and-thc-for-period-pain-natural-ways-to-relieve-menstrual-cramps
Pain and Symptom Management,how to cure period pain naturally,natural menstrual cramp relief,0,170,72,informational,93,Organic,https://herbly.com.au/blogs/women-s-health/cbd-and-thc-for-period-pain-natural-ways-to-relieve-menstrual-cramps
Pain and Symptom Management,how to cure period pain naturally,natural ways to cure menstrual cramps,0,70,67,"commercial, informational",79,Organic,https://herbly.com.au/blogs/women-s-health/cbd-and-thc-for-period-pain-natural-ways-to-relieve-menstrual-cramps
Pain and Symptom Management,how to cure period pain naturally,how to cure period pains naturally,0,140,52,informational,48,Organic,https://herbly.com.au/blogs/women-s-health/cbd-and-thc-for-period-pain-natural-ways-to-relieve-menstrual-cramps
Pain and Symptom Management,how to cure period pain naturally,how to relieve menstrual cramps naturally,0,90,64,informational,95,Organic,https://herbly.com.au/blogs/women-s-health/cbd-and-thc-for-period-pain-natural-ways-to-relieve-menstrual-cramps
Pain and Symptom Management,diabetic nerve pain,diabetic nerve pain,0,110,63,informational,33,Organic,https://herbly.com.au/blogs/news/diabetic-nerve-pain-comprehensive-therapies-and-treatment-options
Pain and Symptom Management,diabetic nerve pain,treatments of diabetic neuropathy,0,70,59,informational,63,Organic,https://herbly.com.au/blogs/news/diabetic-nerve-pain-comprehensive-therapies-and-treatment-options
Pain and Symptom Management,diabetic nerve pain,alternative medicine for nerve pain sydney,0,50,0,informational,55,Organic,https://herbly.com.au/blogs/news/diabetic-nerve-pain-comprehensive-therapies-and-treatment-options
Pain and Symptom Management,diabetic nerve pain,diabetic neuropathy treatment,0,210,63,informational,44,Organic,https://herbly.com.au/blogs/news/diabetic-nerve-pain-comprehensive-therapies-and-treatment-options
Pain and Symptom Management,diabetic nerve pain,diabetic neuropathy treatments,0,70,40,informational,37,Organic,https://herbly.com.au/blogs/news/diabetic-nerve-pain-comprehensive-therapies-and-treatment-options
Pain and Symptom Management,alternative pain management,alternative pain management,0,50,-1,informational,18,Organic,https://herbly.com.au/blogs/latest-medical-articles/is-alternative-medicine-right-for-chronic-pain
Pain and Symptom Management,chronic insomnia,chronic insomnia,0,320,70,informational,30,Organic,https://herbly.com.au/blogs/news/chronic-insomnia-causes-and-symptoms
Pain and Symptom Management,depression and natural cures,depression and natural cures,0,50,56,informational,59,Organic,https://herbly.com.au/blogs/news/natural-treatments-for-depression
Pain and Symptom Management,depression and natural cures,natural mood stabilisers,0,70,51,informational,82,Organic,https://herbly.com.au/blogs/news/natural-treatments-for-depression
Pain and Symptom Management,depression and natural cures,natural depression remedies,0,70,57,informational,68,Organic,https://herbly.com.au/blogs/news/natural-treatments-for-depression
Pain and Symptom Management,depression and natural cures,natural antidepressants,0,480,53,informational,57,Organic,https://herbly.com.au/blogs/news/natural-treatments-for-depression
Pain and Symptom Management,depression and natural cures,natural treatment for depression,0,140,57,informational,68,Organic,https://herbly.com.au/blogs/news/natural-treatments-for-depression
Pain and Symptom Management,depression and natural cures,manic depression natural treatment,0,50,43,informational,97,Organic,https://herbly.com.au/blogs/news/natural-treatments-for-depression
Pain and Symptom Management,depression and natural cures,depression relief natural,0,140,61,informational,36,Organic,https://herbly.com.au/blogs/news/natural-treatments-for-depression
Pain and Symptom Management,depression and natural cures,natural antidepressant,0,110,56,informational,60,Organic,https://herbly.com.au/blogs/news/natural-treatments-for-depression
Pain and Symptom Management,endometriosis relief naturally,endometriosis relief naturally,0,210,14,informational,35,Organic,https://herbly.com.au/blogs/news/natural-remedies-for-endometriosis
Pain and Symptom Management,insomnia difficulty sleeping,insomnia difficulty sleeping,0,8100,77,informational,90,Organic,https://herbly.com.au/blogs/news/understanding-insomnia-the-hidden-struggles-of-sleep
Pain and Symptom Management,insomnia difficulty sleeping,sleep onset insomnia,0,90,58,informational,46,Organic,https://herbly.com.au/blogs/news/understanding-insomnia-the-hidden-struggles-of-sleep
Pain and Symptom Management,insomnia difficulty sleeping,extreme insomnia,0,90,72,informational,50,Organic,https://herbly.com.au/blogs/news/understanding-insomnia-the-hidden-struggles-of-sleep
Pain and Symptom Management,insomnia difficulty sleeping,sleep problems,0,320,58,informational,86,Organic,https://herbly.com.au/blogs/news/understanding-insomnia-the-hidden-struggles-of-sleep
Pain and Symptom Management,insomnia difficulty sleeping,difficulty falling asleep,0,110,79,informational,56,Organic,https://herbly.com.au/blogs/news/understanding-insomnia-the-hidden-struggles-of-sleep
Pain and Symptom Management,insomnia difficulty sleeping,problem to sleep,0,110,76,informational,41,Organic,https://herbly.com.au/blogs/news/understanding-insomnia-the-hidden-struggles-of-sleep
Pain and Symptom Management,insomnia difficulty sleeping,sleep insomnia,0,1000,69,informational,89,Organic,https://herbly.com.au/blogs/news/understanding-insomnia-the-hidden-struggles-of-sleep
Pain and Symptom Management,insomnia difficulty sleeping,difficult to sleep,0,140,87,informational,69,Organic,https://herbly.com.au/blogs/news/understanding-insomnia-the-hidden-struggles-of-sleep
Pain and Symptom Management,insomnia difficulty sleeping,sleep disorders and insomnia,0,6600,72,informational,47,Organic,https://herbly.com.au/blogs/news/understanding-insomnia-the-hidden-struggles-of-sleep
Pain and Symptom Management,insomnia difficulty sleeping,trouble in sleeping,0,90,92,informational,60,Organic,https://herbly.com.au/blogs/news/understanding-insomnia-the-hidden-struggles-of-sleep
Pain and Symptom Management,how to treat ptsd,how to treat ptsd,0,210,74,informational,87,Organic,https://herbly.com.au/blogs/news/exploring-ptsd-treatment-options-conventional-natural-and-alternative-therapies
Pain and Symptom Management,how to treat ptsd,ptsd treatment,0,1600,74,informational,97,Organic,https://herbly.com.au/blogs/news/exploring-ptsd-treatment-options-conventional-natural-and-alternative-therapies
Pain and Symptom Management,how to treat ptsd,post traumatic stress disorder therapy treatments,0,50,72,informational,85,Organic,https://herbly.com.au/blogs/news/exploring-ptsd-treatment-options-conventional-natural-and-alternative-therapies
Pain and Symptom Management,alternative medicine for anxiety,alternative medicine for anxiety,0,320,64,informational,58,Organic,https://herbly.com.au/pages/holistic-treatment-for-anxiety
Pain and Symptom Management,alternative medicine for anxiety,holistic treatment anxiety,0,260,60,informational,94,Organic,https://herbly.com.au/pages/holistic-treatment-for-anxiety
Pain and Symptom Management,herbs for adhd,herbs for adhd,0,50,27,informational,49,Organic,https://herbly.com.au/blogs/news/holistic-treatments-for-adhd-a-comprehensive-approach
Pain and Symptom Management,herbs for adhd,herbs for add,0,50,24,informational,64,Organic,https://herbly.com.au/blogs/news/holistic-treatments-for-adhd-a-comprehensive-approach
Pain and Symptom Management,herbs for adhd,herbal adhd,0,40,39,commercial,67,Organic,https://herbly.com.au/blogs/news/holistic-treatments-for-adhd-a-comprehensive-approach
Pain and Symptom Management,herbs for adhd,herbal remedies for add,0,320,49,informational,76,Organic,https://herbly.com.au/blogs/news/holistic-treatments-for-adhd-a-comprehensive-approach
Pain and Symptom Management,holistic treatment migraines,holistic treatment migraines,0,210,32,informational,18,Organic,https://herbly.com.au/pages/natural-remedies-for-migraines
Pain and Symptom Management,holistic healing for ms,holistic healing for ms,0,70,26,informational,63,Organic,https://herbly.com.au/pages/multiple-sclerosis
Pain and Symptom Management,alternative medicine for nerve pain sydney,alternative medicine for nerve pain sydney,0,50,0,informational,90,Organic,https://herbly.com.au/pages/neuropathy-treatments
Pain and Symptom Management,depression illness,depression illness,0,1900,96,informational,76,Organic,https://herbly.com.au/blogs/news/understanding-depression-and-mental-health
Pain and Symptom Management,depression illness,mental health and depression,0,110,84,informational,67,Organic,https://herbly.com.au/blogs/news/understanding-depression-and-mental-health
Pain and Symptom Management,depression illness,is depression a mental illness,0,320,100,informational,64,Organic,https://herbly.com.au/blogs/news/understanding-depression-and-mental-health
Pain and Symptom Management,depression illness,depression and mental illness,0,40,100,informational,37,Organic,https://herbly.com.au/blogs/news/understanding-depression-and-mental-health
Pain and Symptom Management,depression illness,depression and disorders,0,390,99,informational,64,Organic,https://herbly.com.au/blogs/news/understanding-depression-and-mental-health
Online Cannabis and Medical Supplies,buy weed online,buy weed online,3,140,38,transactional,10,Organic,https://herbly.com.au/pages/parramatta-dispensary
Online Cannabis and Medical Supplies,buy weed online,buy cannabinoids online,1,140,49,transactional,13,Organic,https://herbly.com.au/pages/parramatta-dispensary
Online Cannabis and Medical Supplies,buy weed online,weed dispensary near me,0,140,17,"informational, transactional",80,Organic,https://herbly.com.au/pages/parramatta-dispensary
Online Cannabis and Medical Supplies,buy weed online,cannabis pharmacy,0,140,50,commercial,90,Organic,https://herbly.com.au/pages/parramatta-dispensary
Online Cannabis and Medical Supplies,buy weed online,weed shop,0,260,30,commercial,90,Organic,https://herbly.com.au/pages/parramatta-dispensary
Online Cannabis and Medical Supplies,buy weed online,cannabis clinic sydney,0,70,31,commercial,66,Organic,https://herbly.com.au/pages/parramatta-dispensary
Online Cannabis and Medical Supplies,buy weed online,medical canabis dispensary near.me,0,260,31,transactional,83,Organic,https://herbly.com.au/pages/parramatta-dispensary
Online Cannabis and Medical Supplies,buy weed online,weed stores closest to me,0,90,40,informational,69,Organic,https://herbly.com.au/pages/parramatta-dispensary
Online Cannabis and Medical Supplies,buy weed online,herbal dispensary,0,70,17,commercial,91,Organic,https://herbly.com.au/pages/parramatta-dispensary
Online Cannabis and Medical Supplies,buy weed online,medicinal cannabis clinic,0,70,39,commercial,90,Organic,https://herbly.com.au/pages/parramatta-dispensary
Online Cannabis and Medical Supplies,weed store online,weed store online,1,50,38,commercial,7,Organic,https://herbly.com.au/pages/grafton-dispensary
Online Cannabis and Medical Supplies,cannabis dispensary australia,cannabis dispensary australia,0,90,56,informational,92,Organic,https://herbly.com.au/pages/australias-trusted-dispensary-services
Online Cannabis and Medical Supplies,dispemsed,dispemsed,0,50,49,navigational,39,Organic,https://herbly.com.au/pages/bankstown-dispensary
Online Cannabis and Medical Supplies,medical cannabis online,medical cannabis online,0,320,49,commercial,58,Organic,https://herbly.com.au/pages/ballina-dispensary
Online Cannabis and Medical Supplies,medical marijuanas vape,medical marijuanas vape,0,50,13,informational,94,Organic,https://herbly.com.au/pages/patient-information-for-medicinal-cannabis-treatment
Online Cannabis and Medical Supplies,medical marijuanas vape,thc vape pen australia legal,0,50,11,informational,43,Organic,https://herbly.com.au/pages/patient-information-for-medicinal-cannabis-treatment
Online Cannabis and Medical Supplies,medical marijuanas vape,cart drug,0,140,42,informational,84,Organic,https://herbly.com.au/pages/patient-information-for-medicinal-cannabis-treatment
Online Cannabis and Medical Supplies,medical marijuanas vape,green leaf boutique reviews,0,50,28,commercial,3,People also ask,https://herbly.com.au/pages/patient-information-for-medicinal-cannabis-treatment
Online Cannabis and Medical Supplies,medical marijuanas vape,online medical marijuana australia,0,70,47,commercial,93,Organic,https://herbly.com.au/pages/patient-information-for-medicinal-cannabis-treatment
Online Cannabis and Medical Supplies,medical marijuanas vape,buy marijuana australia,0,50,55,transactional,90,Organic,https://herbly.com.au/pages/patient-information-for-medicinal-cannabis-treatment
Online Cannabis and Medical Supplies,medical marijuanas vape,medical cannabis vape,0,110,22,informational,16,Organic,https://herbly.com.au/pages/patient-information-for-medicinal-cannabis-treatment
Online Cannabis and Medical Supplies,medical marijuanas vape,cannabis pen,0,50,21,"commercial, informational",50,Organic,https://herbly.com.au/pages/patient-information-for-medicinal-cannabis-treatment
Online Cannabis and Medical Supplies,medical marijuanas vape,how to apply for medical weed,0,90,50,informational,75,Organic,https://herbly.com.au/pages/patient-information-for-medicinal-cannabis-treatment
Online Cannabis and Medical Supplies,medical marijuanas vape,how to get prescribed cannabinoids,0,170,54,informational,71,Organic,https://herbly.com.au/pages/patient-information-for-medicinal-cannabis-treatment
Online Cannabis and Medical Supplies,medical cannabis delivery,medical cannabis delivery,0,50,39,informational,57,Organic,https://herbly.com.au/pages/cairns-dispensary
Online Cannabis and Medical Supplies,medical cannabis delivery,wildleaf cairns,0,50,18,navigational,30,Organic,https://herbly.com.au/pages/cairns-dispensary
Online Cannabis and Medical Supplies,medical cannabis delivery,marijuana dispensary near me,0,140,31,"informational, transactional",77,Organic,https://herbly.com.au/pages/cairns-dispensary
Online Cannabis and Medical Supplies,medical cannabis delivery,wildleaf dispensary cairns,0,480,30,navigational,18,Organic,https://herbly.com.au/pages/cairns-dispensary
Online Cannabis and Medical Supplies,buying medical weed online,buying medical weed online,0,40,39,informational,78,Organic,https://herbly.com.au/pages/gympie-dispensary
Online Cannabis and Medical Supplies,cannabis medicine australia,cannabis medicine australia,0,50,59,informational,98,Organic,https://herbly.com.au/blogs/latest-medical-articles/alternative-medicine-in-australia
Online Cannabis and Medical Supplies,cannabis medicine australia,cannabidiol australia law,0,70,39,informational,66,Organic,https://herbly.com.au/blogs/latest-medical-articles/alternative-medicine-in-australia
Online Cannabis and Medical Supplies,cannabis medicine australia,prescription cannabis australia,0,50,57,informational,93,Organic,https://herbly.com.au/blogs/latest-medical-articles/alternative-medicine-in-australia
Online Cannabis and Medical Supplies,cannabis medicine australia,medicinal weed australia,0,110,62,informational,69,Organic,https://herbly.com.au/blogs/latest-medical-articles/alternative-medicine-in-australia
Online Cannabis and Medical Supplies,cannabis medicine australia,medical cannabis nt,0,50,21,"informational, transactional",28,Organic,https://herbly.com.au/blogs/latest-medical-articles/alternative-medicine-in-australia
Generic,how many days between prescription refills in australia,how many days between prescription refills in australia,0,210,21,informational,25,Organic,https://herbly.com.au/pages/interval-period
Generic,dispensaries,dispensaries,0,390,50,commercial,47,Organic,https://herbly.com.au/pages/maryborough-dispensary
