URL,Traffic,Number of Keywords,Traffic (%),Primary Intent,Top Keyword
https://www.easykind.com.au/,6770.5,5,55.83,—,—
https://app.easykind.com.au/,4579.7,10,37.77,—,—
https://easykind.com.au/,536.14,155,4.42,—,—
https://portal.easykind.com.au/,118.56,1,0.98,—,—
https://easykind.com.au/contact/,103.55,3,0.85,—,—
https://easykind.com.au/pricing/,15.54,3,0.13,—,—
https://easykind.com.au/chronic-pain-101/,1.51,1,0.01,—,—
https://easykind.com.au/careers/,0.97,2,0.01,—,—
https://easykind.com.au/patient-portal-guide/,0.23,1,0.0,—,—
